t,x_original,xdot_original,xdot_pred
0,0.001,0.001768365,0.001773767
2,0.00453673,0.001768365,0.001767903
4,0.008060939,0.001762105,0.001761802
6,0.011572672,0.001755866,0.001755664
8,0.015071972,0.00174965,0.001749521
10,0.018558883,0.001743456,0.001743384
12,0.02203345,0.001737283,0.001737259
14,0.025495716,0.001731133,0.001731148
16,0.028945725,0.001725004,0.001725054
18,0.03238352,0.001718897,0.001718977
20,0.035809144,0.001712812,0.001712919
22,0.03922264,0.001706748,0.001706879
24,0.042624052,0.001700706,0.001700859
26,0.046013421,0.001694685,0.001694858
28,0.049390792,0.001688685,0.001688876
30,0.052756205,0.001682707,0.001682915
32,0.056109705,0.00167675,0.001676974
34,0.059451331,0.001670813,0.001671052
36,0.062781128,0.001664898,0.001665151
38,0.066099136,0.001659004,0.001659269
40,0.069405398,0.001653131,0.001653408
42,0.072699954,0.001647278,0.001647567
44,0.075982847,0.001641446,0.001641746
46,0.079254118,0.001635635,0.001635945
48,0.082513807,0.001629845,0.001630164
50,0.085761956,0.001624075,0.001624403
52,0.088998606,0.001618325,0.001618662
54,0.092223798,0.001612596,0.001612941
56,0.095437571,0.001606887,0.001607239
58,0.098639966,0.001601198,0.001601558
60,0.101831025,0.001595529,0.001595896
62,0.105010786,0.001589881,0.001590254
64,0.108179289,0.001584252,0.001584632
66,0.111336576,0.001578643,0.00157903
68,0.114482685,0.001573054,0.001573447
70,0.117617655,0.001567485,0.001567883
72,0.120741528,0.001561936,0.001562339
74,0.12385434,0.001556406,0.001556815
76,0.126956133,0.001550896,0.00155131
78,0.130046944,0.001545406,0.001545824
80,0.133126813,0.001539935,0.001540357
82,0.136195779,0.001534483,0.00153491
84,0.139253879,0.00152905,0.001529482
86,0.142301153,0.001523637,0.001524072
88,0.145337639,0.001518243,0.001518682
90,0.148363375,0.001512868,0.001513311
92,0.151378399,0.001507512,0.001507958
94,0.154382749,0.001502175,0.001502625
96,0.157376462,0.001496857,0.00149731
98,0.160359578,0.001491558,0.001492014
100,0.163332132,0.001486277,0.001486736
102,0.166294162,0.001481015,0.001481477
104,0.169245706,0.001475772,0.001476237
106,0.172186801,0.001470547,0.001471015
108,0.175117484,0.001465341,0.001465811
110,0.178037791,0.001460154,0.001460626
112,0.180947759,0.001454984,0.001455459
114,0.183847426,0.001449833,0.001450311
116,0.186736827,0.0014447,0.00144518
118,0.189615998,0.001439586,0.001440067
120,0.192484977,0.001434489,0.001434973
122,0.195343798,0.001429411,0.001429896
124,0.198192499,0.00142435,0.001424838
126,0.201031114,0.001419308,0.001419797
128,0.20385968,0.001414283,0.001414774
130,0.206678232,0.001409276,0.001409769
132,0.209486805,0.001404287,0.001404781
134,0.212285436,0.001399315,0.001399811
136,0.215074158,0.001394361,0.001394858
138,0.217853008,0.001389425,0.001389923
140,0.22062202,0.001384506,0.001385006
142,0.223381229,0.001379604,0.001380106
144,0.226130669,0.00137472,0.001375223
146,0.228870376,0.001369853,0.001370357
148,0.231600383,0.001365004,0.001365508
150,0.234320726,0.001360171,0.001360677
152,0.237031437,0.001355356,0.001355862
154,0.239732552,0.001350558,0.001351065
156,0.242424105,0.001345776,0.001346285
158,0.245106128,0.001341012,0.001341521
160,0.247778657,0.001336264,0.001336774
162,0.250441724,0.001331533,0.001332044
164,0.253095363,0.001326819,0.001327331
166,0.255739607,0.001322122,0.001322634
168,0.25837449,0.001317442,0.001317954
170,0.261000045,0.001312777,0.001313291
172,0.263616304,0.00130813,0.001308644
174,0.266223302,0.001303499,0.001304013
176,0.26882107,0.001298884,0.001299399
178,0.271409641,0.001294286,0.001294801
180,0.273989048,0.001289703,0.001290219
182,0.276559323,0.001285138,0.001285654
184,0.279120498,0.001280588,0.001281104
186,0.281672607,0.001276054,0.001276571
188,0.28421568,0.001271537,0.001272054
190,0.28674975,0.001267035,0.001267552
192,0.289274849,0.001262549,0.001263067
194,0.291791008,0.00125808,0.001258597
196,0.294298259,0.001253626,0.001254144
198,0.296796634,0.001249187,0.001249705
200,0.299286164,0.001244765,0.001245283
202,0.301766881,0.001240358,0.001240877
204,0.304238815,0.001235967,0.001236485
206,0.306701998,0.001231591,0.00123211
208,0.30915646,0.001227231,0.00122775
210,0.311602233,0.001222886,0.001223405
212,0.314039347,0.001218557,0.001219075
214,0.316467833,0.001214243,0.001214761
216,0.318887722,0.001209944,0.001210463
218,0.321299044,0.001205661,0.001206179
220,0.323701829,0.001201392,0.00120191
222,0.326096107,0.001197139,0.001197657
224,0.328481909,0.001192901,0.001193419
226,0.330859265,0.001188678,0.001189195
228,0.333228204,0.00118447,0.001184987
230,0.335588756,0.001180276,0.001180793
232,0.337940952,0.001176098,0.001176614
234,0.34028482,0.001171934,0.00117245
236,0.34262039,0.001167785,0.001168301
238,0.344947691,0.001163651,0.001164167
240,0.347266754,0.001159531,0.001160047
242,0.349577606,0.001155426,0.001155941
244,0.351880277,0.001151336,0.00115185
246,0.354174796,0.00114726,0.001147774
248,0.356461192,0.001143198,0.001143712
250,0.358739493,0.001139151,0.001139664
252,0.361009729,0.001135118,0.001135631
254,0.363271927,0.001131099,0.001131612
256,0.365526117,0.001127095,0.001127607
258,0.367772326,0.001123105,0.001123616
260,0.370010583,0.001119128,0.00111964
262,0.372240916,0.001115166,0.001115677
264,0.374463353,0.001111218,0.001111729
266,0.376677921,0.001107284,0.001107794
268,0.37888465,0.001103364,0.001103874
270,0.381083566,0.001099458,0.001099967
272,0.383274698,0.001095566,0.001096074
274,0.385458072,0.001091687,0.001092195
276,0.387633717,0.001087822,0.00108833
278,0.389801659,0.001083971,0.001084478
280,0.391961926,0.001080134,0.00108064
282,0.394114545,0.00107631,0.001076815
284,0.396259544,0.001072499,0.001073004
286,0.398396948,0.001068702,0.001069206
288,0.400526786,0.001064919,0.001065422
290,0.402649083,0.001061149,0.001061652
292,0.404763867,0.001057392,0.001057894
294,0.406871164,0.001053648,0.00105415
296,0.408971,0.001049918,0.001050419
298,0.411063402,0.001046201,0.001046702
300,0.413148397,0.001042497,0.001042997
302,0.415226011,0.001038807,0.001039306
304,0.417296269,0.001035129,0.001035627
306,0.419359197,0.001031464,0.001031962
308,0.421414823,0.001027813,0.001028309
310,0.423463171,0.001024174,0.00102467
312,0.425504267,0.001020548,0.001021043
314,0.427538137,0.001016935,0.00101743
316,0.429564807,0.001013335,0.001013829
318,0.431584302,0.001009747,0.00101024
320,0.433596647,0.001006173,0.001006665
322,0.435601868,0.001002611,0.001003102
324,0.43759999,0.000999061,0.000999552
326,0.439591038,0.000995524,0.000996014
328,0.441575038,0.000992,0.000992489
330,0.443552013,0.000988488,0.000988976
332,0.445521989,0.000984988,0.000985476
334,0.447484991,0.000981501,0.000981988
336,0.449441044,0.000978026,0.000978512
338,0.451390172,0.000974564,0.000975049
340,0.453332399,0.000971114,0.000971598
342,0.45526775,0.000967676,0.000968159
344,0.457196249,0.00096425,0.000964732
346,0.459117921,0.000960836,0.000961318
348,0.46103279,0.000957434,0.000957915
350,0.46294088,0.000954045,0.000954525
352,0.464842214,0.000950667,0.000951146
354,0.466736817,0.000947302,0.00094778
356,0.468624713,0.000943948,0.000944425
358,0.470505926,0.000940606,0.000941083
360,0.472380478,0.000937276,0.000937752
362,0.474248394,0.000933958,0.000934433
364,0.476109696,0.000930651,0.000931125
366,0.47796441,0.000927357,0.00092783
368,0.479812557,0.000924074,0.000924546
370,0.481654161,0.000920802,0.000921273
372,0.483489245,0.000917542,0.000918012
374,0.485317833,0.000914294,0.000914763
376,0.487139947,0.000911057,0.000911526
378,0.488955611,0.000907832,0.000908299
380,0.490764846,0.000904618,0.000905084
382,0.492567676,0.000901415,0.000901881
384,0.494364124,0.000898224,0.000898689
386,0.496154211,0.000895044,0.000895508
388,0.497937962,0.000891875,0.000892338
390,0.499715397,0.000888718,0.00088918
392,0.50148654,0.000885571,0.000886033
394,0.503251412,0.000882436,0.000882896
396,0.505010037,0.000879312,0.000879771
398,0.506762435,0.000876199,0.000876657
400,0.508508629,0.000873097,0.000873555
402,0.510248642,0.000870006,0.000870463
404,0.511982494,0.000866926,0.000867382
406,0.513710208,0.000863857,0.000864311
408,0.515431805,0.000860799,0.000861252
410,0.517147308,0.000857751,0.000858204
412,0.518856737,0.000854715,0.000855166
414,0.520560114,0.000851689,0.000852139
416,0.522257461,0.000848673,0.000849123
418,0.523948798,0.000845669,0.000846118
420,0.525634148,0.000842675,0.000843123
422,0.527313532,0.000839692,0.000840139
424,0.52898697,0.000836719,0.000837165
426,0.530654483,0.000833757,0.000834202
428,0.532316093,0.000830805,0.000831249
430,0.533971821,0.000827864,0.000828307
432,0.535621686,0.000824933,0.000825375
434,0.537265711,0.000822012,0.000822453
436,0.538903916,0.000819102,0.000819542
438,0.540536321,0.000816202,0.000816641
440,0.542162946,0.000813313,0.000813751
442,0.543783813,0.000810433,0.000810871
444,0.545398942,0.000807564,0.000808
446,0.547008353,0.000804705,0.000805141
448,0.548612065,0.000801856,0.000802291
450,0.550210101,0.000799018,0.000799451
452,0.551802479,0.000796189,0.000796621
454,0.553389219,0.00079337,0.000793801
456,0.554970342,0.000790561,0.000790992
458,0.556545867,0.000787763,0.000788192
460,0.558115815,0.000784974,0.000785402
462,0.559680204,0.000782195,0.000782622
464,0.561239056,0.000779426,0.000779852
466,0.562792388,0.000776666,0.000777092
468,0.564340221,0.000773917,0.000774341
470,0.565882574,0.000771177,0.0007716
472,0.567419468,0.000768447,0.000768869
474,0.56895092,0.000765726,0.000766147
476,0.57047695,0.000763015,0.000763435
478,0.571997578,0.000760314,0.000760733
480,0.573512822,0.000757622,0.00075804
482,0.575022702,0.00075494,0.000755357
484,0.576527236,0.000752267,0.000752684
486,0.578026444,0.000749604,0.000750019
488,0.579520345,0.00074695,0.000747365
490,0.581008957,0.000744306,0.000744719
492,0.582492298,0.000741671,0.000742083
494,0.583970388,0.000739045,0.000739456
496,0.585443246,0.000736429,0.000736839
498,0.586910889,0.000733822,0.000734231
500,0.588373336,0.000731224,0.000731632
502,0.589830606,0.000728635,0.000729042
504,0.591282716,0.000726055,0.000726462
506,0.592729686,0.000723485,0.00072389
508,0.594171533,0.000720924,0.000721328
510,0.595608275,0.000718371,0.000718775
512,0.597039931,0.000715828,0.00071623
514,0.598466519,0.000713294,0.000713695
516,0.599888056,0.000710769,0.000711169
518,0.601304561,0.000708252,0.000708652
520,0.60271605,0.000705745,0.000706143
522,0.604122543,0.000703246,0.000703644
524,0.605524056,0.000700757,0.000701153
526,0.606920608,0.000698276,0.000698671
528,0.608312215,0.000695804,0.000696198
530,0.609698896,0.00069334,0.000693734
532,0.611080667,0.000690886,0.000691278
534,0.612457547,0.00068844,0.000688831
536,0.613829552,0.000686003,0.000686393
538,0.6151967,0.000683574,0.000683963
540,0.616559007,0.000681154,0.000681542
542,0.617916492,0.000678742,0.00067913
544,0.619269171,0.000676339,0.000676726
546,0.620617061,0.000673945,0.000674331
548,0.621960179,0.000671559,0.000671944
550,0.623298542,0.000669182,0.000669565
552,0.624632167,0.000666813,0.000667195
554,0.625961071,0.000664452,0.000664833
556,0.62728527,0.000662099,0.00066248
558,0.628604781,0.000659755,0.000660135
560,0.62991962,0.00065742,0.000657798
562,0.631229805,0.000655092,0.00065547
564,0.632535351,0.000652773,0.00065315
566,0.633836275,0.000650462,0.000650838
568,0.635132594,0.000648159,0.000648534
570,0.636424323,0.000645865,0.000646239
572,0.63771148,0.000643578,0.000643951
574,0.638994079,0.0006413,0.000641672
576,0.640272137,0.000639029,0.0006394
578,0.641545671,0.000636767,0.000637137
580,0.642814697,0.000634513,0.000634882
582,0.644079229,0.000632266,0.000632634
584,0.645339285,0.000630028,0.000630395
586,0.64659488,0.000627797,0.000628163
588,0.647846029,0.000625575,0.00062594
590,0.64909275,0.00062336,0.000623724
592,0.650335056,0.000621153,0.000621517
594,0.651572965,0.000618954,0.000619317
596,0.652806491,0.000616763,0.000617124
598,0.65403565,0.000614579,0.00061494
600,0.655260457,0.000612404,0.000612763
602,0.656480928,0.000610236,0.000610594
604,0.657697078,0.000608075,0.000608433
606,0.658908923,0.000605922,0.000606279
608,0.660116478,0.000603777,0.000604133
610,0.661319758,0.00060164,0.000601994
612,0.662518777,0.00059951,0.000599864
614,0.663713552,0.000597387,0.00059774
616,0.664904097,0.000595272,0.000595624
618,0.666090427,0.000593165,0.000593516
620,0.667272557,0.000591065,0.000591415
622,0.668450502,0.000588973,0.000589322
624,0.669624277,0.000586887,0.000587235
626,0.670793897,0.00058481,0.000585157
628,0.671959375,0.000582739,0.000583085
630,0.673120728,0.000580676,0.000581021
632,0.674277969,0.000578621,0.000578965
634,0.675431113,0.000576572,0.000576915
636,0.676580174,0.000574531,0.000574873
638,0.677725168,0.000572497,0.000572838
640,0.678866108,0.00057047,0.000570811
642,0.680003009,0.00056845,0.00056879
644,0.681135885,0.000566438,0.000566777
646,0.68226475,0.000564433,0.00056477
648,0.683389619,0.000562434,0.000562771
650,0.684510505,0.000560443,0.000560779
652,0.685627423,0.000558459,0.000558794
654,0.686740387,0.000556482,0.000556816
656,0.687849411,0.000554512,0.000554845
658,0.688954508,0.000552549,0.000552881
660,0.690055693,0.000550593,0.000550924
662,0.69115298,0.000548643,0.000548974
664,0.692246382,0.000546701,0.00054703
666,0.693335913,0.000544766,0.000545094
668,0.694421587,0.000542837,0.000543164
670,0.695503417,0.000540915,0.000541242
672,0.696581417,0.000539,0.000539326
674,0.697655601,0.000537092,0.000537417
676,0.698725982,0.00053519,0.000535514
678,0.699792574,0.000533296,0.000533619
680,0.700855389,0.000531408,0.00053173
682,0.701914442,0.000529526,0.000529848
684,0.702969745,0.000527652,0.000527972
686,0.704021313,0.000525784,0.000526103
688,0.705069157,0.000523922,0.000524241
690,0.706113292,0.000522067,0.000522385
692,0.707153731,0.000520219,0.000520536
694,0.708190486,0.000518377,0.000518693
696,0.70922357,0.000516542,0.000516857
698,0.710252997,0.000514714,0.000515028
700,0.71127878,0.000512891,0.000513205
702,0.712300931,0.000511076,0.000511388
704,0.713319464,0.000509266,0.000509578
706,0.71433439,0.000507463,0.000507774
708,0.715345724,0.000505667,0.000505976
710,0.716353477,0.000503877,0.000504185
712,0.717357662,0.000502093,0.000502401
714,0.718358293,0.000500315,0.000500622
716,0.719355381,0.000498544,0.00049885
718,0.720348938,0.000496779,0.000497084
720,0.721338979,0.00049502,0.000495325
722,0.722325514,0.000493268,0.000493571
724,0.723308557,0.000491521,0.000491824
726,0.724288119,0.000489781,0.000490083
728,0.725264214,0.000488047,0.000488348
730,0.726236853,0.000486319,0.00048662
732,0.727206049,0.000484598,0.000484897
734,0.728171813,0.000482882,0.000483181
736,0.729134158,0.000481173,0.00048147
738,0.730093096,0.000479469,0.000479766
740,0.73104864,0.000477772,0.000478068
742,0.7320008,0.00047608,0.000476375
744,0.73294959,0.000474395,0.000474689
746,0.733895021,0.000472715,0.000473009
748,0.734837104,0.000471042,0.000471334
750,0.735775853,0.000469374,0.000469666
752,0.736711278,0.000467712,0.000468003
754,0.737643391,0.000466057,0.000466347
756,0.738572204,0.000464407,0.000464696
758,0.739497729,0.000462763,0.000463051
760,0.740419978,0.000461124,0.000461412
762,0.741338961,0.000459492,0.000459778
764,0.742254691,0.000457865,0.000458151
766,0.743167179,0.000456244,0.000456529
768,0.744076437,0.000454629,0.000454913
770,0.744982476,0.000453019,0.000453303
772,0.745885307,0.000451415,0.000451698
774,0.746784941,0.000449817,0.000450099
776,0.747681391,0.000448225,0.000448506
778,0.748574667,0.000446638,0.000446918
780,0.749464781,0.000445057,0.000445336
782,0.750351743,0.000443481,0.00044376
784,0.751235566,0.000441911,0.000442189
786,0.752116259,0.000440347,0.000440624
788,0.752993834,0.000438788,0.000439064
790,0.753868303,0.000437234,0.00043751
792,0.754739676,0.000435686,0.000435961
794,0.755607964,0.000434144,0.000434418
796,0.756473178,0.000432607,0.00043288
798,0.757335328,0.000431075,0.000431348
800,0.758194427,0.000429549,0.00042982
802,0.759050484,0.000428029,0.000428299
804,0.75990351,0.000426513,0.000426783
806,0.760753517,0.000425003,0.000425272
808,0.761600514,0.000423499,0.000423767
810,0.762444513,0.000421999,0.000422267
812,0.763285523,0.000420505,0.000420772
814,0.764123557,0.000419017,0.000419282
816,0.764958623,0.000417533,0.000417798
818,0.765790733,0.000416055,0.000416319
820,0.766619897,0.000414582,0.000414845
822,0.767446126,0.000413114,0.000413377
824,0.76826943,0.000411652,0.000411914
826,0.769089818,0.000410194,0.000410456
828,0.769907303,0.000408742,0.000409003
830,0.770721893,0.000407295,0.000407555
832,0.7715336,0.000405853,0.000406112
834,0.772342433,0.000404416,0.000404674
836,0.773148402,0.000402985,0.000403242
838,0.773951518,0.000401558,0.000401814
840,0.774751791,0.000400136,0.000400392
842,0.77554923,0.00039872,0.000398975
844,0.776343847,0.000397308,0.000397562
846,0.77713565,0.000395902,0.000396155
848,0.77792465,0.0003945,0.000394753
850,0.778710857,0.000393103,0.000393355
852,0.77949428,0.000391712,0.000391963
854,0.78027493,0.000390325,0.000390575
856,0.781052816,0.000388943,0.000389193
858,0.781827948,0.000387566,0.000387815
860,0.782600336,0.000386194,0.000386442
862,0.78336999,0.000384827,0.000385074
864,0.784136919,0.000383464,0.000383711
866,0.784901133,0.000382107,0.000382353
868,0.785662641,0.000380754,0.000380999
870,0.786421453,0.000379406,0.000379651
872,0.787177579,0.000378063,0.000378307
874,0.787931028,0.000376724,0.000376968
876,0.788681809,0.000375391,0.000375633
878,0.789429933,0.000374062,0.000374303
880,0.790175408,0.000372737,0.000372978
882,0.790918243,0.000371418,0.000371658
884,0.791658449,0.000370103,0.000370342
886,0.792396035,0.000368793,0.000369032
888,0.793131009,0.000367487,0.000367725
890,0.793863381,0.000366186,0.000366423
892,0.794593161,0.00036489,0.000365126
894,0.795320356,0.000363598,0.000363834
896,0.796044978,0.000362311,0.000362546
898,0.796767033,0.000361028,0.000361262
900,0.797486533,0.00035975,0.000359984
902,0.798203486,0.000358476,0.000358709
904,0.7989179,0.000357207,0.000357439
906,0.799629785,0.000355943,0.000356174
908,0.80033915,0.000354682,0.000354913
910,0.801046003,0.000353427,0.000353657
912,0.801750354,0.000352175,0.000352405
914,0.802452211,0.000350929,0.000351158
916,0.803151584,0.000349686,0.000349914
918,0.80384848,0.000348448,0.000348676
920,0.80454291,0.000347215,0.000347442
922,0.805234881,0.000345985,0.000346212
924,0.805924402,0.000344761,0.000344986
926,0.806611482,0.00034354,0.000343765
928,0.80729613,0.000342324,0.000342548
930,0.807978354,0.000341112,0.000341335
932,0.808658162,0.000339904,0.000340127
934,0.809335564,0.000338701,0.000338923
936,0.810010568,0.000337502,0.000337723
938,0.810683182,0.000336307,0.000336528
940,0.811353414,0.000335116,0.000335336
942,0.812021274,0.00033393,0.000334149
944,0.81268677,0.000332748,0.000332967
946,0.813349909,0.00033157,0.000331788
948,0.814010701,0.000330396,0.000330613
950,0.814669153,0.000329226,0.000329443
952,0.815325275,0.000328061,0.000328277
954,0.815979073,0.000326899,0.000327115
956,0.816630557,0.000325742,0.000325957
958,0.817279734,0.000324589,0.000324803
960,0.817926614,0.00032344,0.000323653
962,0.818571203,0.000322295,0.000322507
964,0.81921351,0.000321153,0.000321366
966,0.819853543,0.000320017,0.000320228
968,0.82049131,0.000318884,0.000319094
970,0.821126819,0.000317755,0.000317965
972,0.821760079,0.00031663,0.000316839
974,0.822391096,0.000315509,0.000315718
976,0.82301988,0.000314392,0.0003146
978,0.823646437,0.000313279,0.000313486
980,0.824270776,0.00031217,0.000312377
982,0.824892905,0.000311064,0.000311271
984,0.825512832,0.000309963,0.000310169
986,0.826130564,0.000308866,0.000309071
988,0.826746108,0.000307772,0.000307977
990,0.827359474,0.000306683,0.000306887
992,0.827970668,0.000305597,0.0003058
994,0.828579698,0.000304515,0.000304718
996,0.829186573,0.000303437,0.000303639
998,0.829791298,0.000302363,0.000302564
1000,0.830393883,0.000301292,0.000301493
1002,0.830994335,0.000300226,0.000300426
1004,0.831592661,0.000299163,0.000299362
1006,0.832188868,0.000298104,0.000298303
1008,0.832782965,0.000297048,0.000297247
1010,0.833374958,0.000295997,0.000296194
1012,0.833964856,0.000294949,0.000295146
1014,0.834552665,0.000293905,0.000294101
1016,0.835138394,0.000292864,0.00029306
1018,0.835722048,0.000291827,0.000292023
1020,0.836303637,0.000290794,0.000290989
1022,0.836883166,0.000289765,0.000289959
1024,0.837460644,0.000288739,0.000288932
1026,0.838036077,0.000287717,0.000287909
1028,0.838609473,0.000286698,0.00028689
1030,0.839180839,0.000285683,0.000285875
1032,0.839750183,0.000284672,0.000284863
1034,0.84031751,0.000283664,0.000283854
1036,0.840882829,0.00028266,0.000282849
1038,0.841446147,0.000281659,0.000281848
1040,0.842007471,0.000280662,0.00028085
1042,0.842566807,0.000279668,0.000279856
1044,0.843124163,0.000278678,0.000278866
1046,0.843679546,0.000277691,0.000277878
1048,0.844232963,0.000276708,0.000276895
1050,0.84478442,0.000275729,0.000275914
1052,0.845333925,0.000274753,0.000274938
1054,0.845881485,0.00027378,0.000273965
1056,0.846427106,0.000272811,0.000272995
1058,0.846970796,0.000271845,0.000272028
1060,0.84751256,0.000270882,0.000271065
1062,0.848052407,0.000269923,0.000270106
1064,0.848590343,0.000268968,0.00026915
1066,0.849126374,0.000268016,0.000268197
1068,0.849660507,0.000267067,0.000267247
1070,0.85019275,0.000266121,0.000266301
1072,0.850723108,0.000265179,0.000265359
1074,0.851251589,0.00026424,0.000264419
1076,0.851778198,0.000263305,0.000263483
1078,0.852302943,0.000262373,0.00026255
1080,0.852825831,0.000261444,0.000261621
1082,0.853346867,0.000260518,0.000260695
1084,0.853866059,0.000259596,0.000259772
1086,0.854383413,0.000258677,0.000258852
1088,0.854898935,0.000257761,0.000257936
1090,0.855412632,0.000256849,0.000257023
1092,0.85592451,0.000255939,0.000256113
1094,0.856434576,0.000255033,0.000255207
1096,0.856942837,0.00025413,0.000254303
1098,0.857449298,0.000253231,0.000253403
1100,0.857953966,0.000252334,0.000252506
1102,0.858456847,0.000251441,0.000251612
1104,0.858957948,0.000250551,0.000250721
1106,0.859457275,0.000249664,0.000249834
1108,0.859954834,0.00024878,0.000248949
1110,0.860450632,0.000247899,0.000248068
1112,0.860944675,0.000247021,0.00024719
1114,0.861436968,0.000246147,0.000246315
1116,0.861927519,0.000245275,0.000245443
1118,0.862416333,0.000244407,0.000244574
1120,0.862903416,0.000243542,0.000243708
1122,0.863388775,0.000242679,0.000242846
1124,0.863872416,0.00024182,0.000241986
1126,0.864354344,0.000240964,0.000241129
1128,0.864834566,0.000240111,0.000240276
1130,0.865313089,0.000239261,0.000239425
1132,0.865789917,0.000238414,0.000238578
1134,0.866265057,0.00023757,0.000237733
1136,0.866738515,0.000236729,0.000236891
1138,0.867210296,0.000235891,0.000236053
1140,0.867680408,0.000235056,0.000235217
1142,0.868148855,0.000234224,0.000234384
1144,0.868615644,0.000233394,0.000233555
1146,0.86908078,0.000232568,0.000232728
1148,0.869544269,0.000231745,0.000231904
1150,0.870006118,0.000230924,0.000231083
1152,0.870466331,0.000230107,0.000230265
1154,0.870924915,0.000229292,0.00022945
1156,0.871381876,0.00022848,0.000228638
1158,0.871837219,0.000227671,0.000227828
1160,0.87229095,0.000226865,0.000227022
1162,0.872743075,0.000226062,0.000226218
1164,0.873193598,0.000225262,0.000225417
1166,0.873642527,0.000224464,0.000224619
1168,0.874089867,0.00022367,0.000223824
1170,0.874535623,0.000222878,0.000223032
1172,0.874979801,0.000222089,0.000222242
1174,0.875422406,0.000221303,0.000221456
1176,0.875863444,0.000220519,0.000220672
1178,0.876302921,0.000219738,0.000219891
1180,0.876740843,0.000218961,0.000219112
1182,0.877177213,0.000218185,0.000218336
1184,0.877612039,0.000217413,0.000217563
1186,0.878045326,0.000216643,0.000216793
1188,0.878477078,0.000215876,0.000216026
1190,0.878907302,0.000215112,0.000215261
1192,0.879336003,0.00021435,0.000214499
1194,0.879763186,0.000213592,0.00021374
1196,0.880188857,0.000212835,0.000212983
1198,0.880613021,0.000212082,0.000212229
1200,0.881035683,0.000211331,0.000211478
1202,0.881456849,0.000210583,0.000210729
1204,0.881876524,0.000209837,0.000209983
1206,0.882294713,0.000209095,0.00020924
1208,0.882711421,0.000208354,0.000208499
1210,0.883126655,0.000207617,0.000207761
1212,0.883540418,0.000206882,0.000207026
1214,0.883952716,0.000206149,0.000206293
1216,0.884363555,0.000205419,0.000205563
1218,0.884772939,0.000204692,0.000204835
1220,0.885180874,0.000203967,0.00020411
1222,0.885587365,0.000203245,0.000203387
1224,0.885992417,0.000202526,0.000202667
1226,0.886396034,0.000201809,0.00020195
1228,0.886798223,0.000201094,0.000201235
1230,0.887198988,0.000200382,0.000200522
1232,0.887598334,0.000199673,0.000199813
1234,0.887996266,0.000198966,0.000199105
1236,0.88839279,0.000198262,0.0001984
1238,0.88878791,0.00019756,0.000197698
1240,0.88918163,0.00019686,0.000196998
1242,0.889573957,0.000196163,0.000196301
1244,0.889964895,0.000195469,0.000195606
1246,0.89035445,0.000194777,0.000194913
1248,0.890742624,0.000194087,0.000194223
1250,0.891129425,0.0001934,0.000193536
1252,0.891514856,0.000192716,0.000192851
1254,0.891898923,0.000192033,0.000192168
1256,0.89228163,0.000191354,0.000191488
1258,0.892662982,0.000190676,0.00019081
1260,0.893042984,0.000190001,0.000190134
1262,0.893421641,0.000189328,0.000189461
1264,0.893798957,0.000188658,0.000188791
1266,0.894174938,0.00018799,0.000188122
1268,0.894549587,0.000187325,0.000187456
1270,0.89492291,0.000186661,0.000186793
1272,0.895294911,0.000186001,0.000186132
1274,0.895665596,0.000185342,0.000185473
1276,0.896034968,0.000184686,0.000184816
1278,0.896403032,0.000184032,0.000184162
1280,0.896769793,0.000183381,0.00018351
1282,0.897135256,0.000182731,0.00018286
1284,0.897499425,0.000182085,0.000182213
1286,0.897862305,0.00018144,0.000181568
1288,0.8982239,0.000180798,0.000180925
1290,0.898584215,0.000180157,0.000180285
1292,0.898943254,0.00017952,0.000179646
1294,0.899301022,0.000178884,0.00017901
1296,0.899657524,0.000178251,0.000178377
1298,0.900012763,0.00017762,0.000177745
1300,0.900366745,0.000176991,0.000177116
1302,0.900719474,0.000176364,0.000176489
1304,0.901070954,0.00017574,0.000175864
1306,0.901421189,0.000175118,0.000175242
1308,0.901770185,0.000174498,0.000174621
1310,0.902117945,0.00017388,0.000174003
1312,0.902464474,0.000173264,0.000173387
1314,0.902809776,0.000172651,0.000172773
1316,0.903153856,0.00017204,0.000172162
1318,0.903496717,0.000171431,0.000171552
1320,0.903838365,0.000170824,0.000170945
1322,0.904178803,0.000170219,0.00017034
1324,0.904518036,0.000169616,0.000169737
1326,0.904856068,0.000169016,0.000169136
1328,0.905192904,0.000168418,0.000168537
1330,0.905528546,0.000167821,0.000167941
1332,0.905863001,0.000167227,0.000167346
1334,0.906196271,0.000166635,0.000166754
1336,0.906528362,0.000166045,0.000166163
1338,0.906859277,0.000165457,0.000165575
1340,0.90718902,0.000164872,0.000164989
1342,0.907517596,0.000164288,0.000164405
1344,0.907845009,0.000163706,0.000163823
1346,0.908171262,0.000163127,0.000163243
1348,0.908496361,0.000162549,0.000162665
1350,0.908820308,0.000161974,0.000162089
1352,0.909143109,0.0001614,0.000161516
1354,0.909464767,0.000160829,0.000160944
1356,0.909785286,0.00016026,0.000160374
1358,0.910104671,0.000159692,0.000159806
1360,0.910422925,0.000159127,0.00015924
1362,0.910740052,0.000158564,0.000158677
1364,0.911056056,0.000158002,0.000158115
1366,0.911370942,0.000157443,0.000157555
1368,0.911684713,0.000156885,0.000156998
1370,0.911997372,0.00015633,0.000156442
1372,0.912308926,0.000155777,0.000155888
1374,0.912619376,0.000155225,0.000155336
1376,0.912928727,0.000154676,0.000154786
1378,0.913236983,0.000154128,0.000154238
1380,0.913544147,0.000153582,0.000153692
1382,0.913850224,0.000153039,0.000153148
1384,0.914155218,0.000152497,0.000152606
1386,0.914459131,0.000151957,0.000152066
1388,0.914761969,0.000151419,0.000151527
1390,0.915063735,0.000150883,0.000150991
1392,0.915364432,0.000150349,0.000150457
1394,0.915664065,0.000149816,0.000149924
1396,0.915962637,0.000149286,0.000149393
1398,0.916260152,0.000148757,0.000148864
1400,0.916556614,0.000148231,0.000148337
1402,0.916852026,0.000147706,0.000147812
1404,0.917146392,0.000147183,0.000147289
1406,0.917439716,0.000146662,0.000146768
1408,0.917732002,0.000146143,0.000146248
1410,0.918023253,0.000145625,0.00014573
1412,0.918313473,0.00014511,0.000145214
1414,0.918602665,0.000144596,0.0001447
1416,0.918890834,0.000144084,0.000144188
1418,0.919177982,0.000143574,0.000143678
1420,0.919464114,0.000143066,0.000143169
1422,0.919749233,0.000142559,0.000142662
1424,0.920033342,0.000142055,0.000142157
1426,0.920316446,0.000141552,0.000141654
1428,0.920598547,0.000141051,0.000141152
1430,0.92087965,0.000140551,0.000140653
1432,0.921159757,0.000140054,0.000140155
1434,0.921438873,0.000139558,0.000139659
1436,0.921717001,0.000139064,0.000139164
1438,0.921994144,0.000138571,0.000138672
1440,0.922270306,0.000138081,0.000138181
1442,0.92254549,0.000137592,0.000137692
1444,0.9228197,0.000137105,0.000137204
1446,0.923092939,0.00013662,0.000136718
1448,0.92336521,0.000136136,0.000136234
1450,0.923636518,0.000135654,0.000135752
1452,0.923906866,0.000135174,0.000135272
1454,0.924176256,0.000134695,0.000134793
1456,0.924444693,0.000134218,0.000134316
1458,0.924712179,0.000133743,0.00013384
1460,0.924978718,0.00013327,0.000133366
1462,0.925244314,0.000132798,0.000132894
1464,0.925508969,0.000132328,0.000132424
1466,0.925772687,0.000131859,0.000131955
1468,0.926035472,0.000131392,0.000131488
1470,0.926297327,0.000130927,0.000131022
1472,0.926558254,0.000130464,0.000130558
1474,0.926818258,0.000130002,0.000130096
1476,0.927077341,0.000129542,0.000129636
1478,0.927335507,0.000129083,0.000129177
1480,0.927592759,0.000128626,0.00012872
1482,0.9278491,0.000128171,0.000128264
1484,0.928104534,0.000127717,0.00012781
1486,0.928359063,0.000127265,0.000127357
1488,0.928612691,0.000126814,0.000126906
1490,0.928865422,0.000126365,0.000126457
1492,0.929117257,0.000125918,0.00012601
1494,0.929368201,0.000125472,0.000125563
1496,0.929618257,0.000125028,0.000125119
1498,0.929867427,0.000124585,0.000124676
1500,0.930115716,0.000124144,0.000124235
1502,0.930363125,0.000123705,0.000123795
1504,0.930609658,0.000123267,0.000123357
1506,0.930855319,0.00012283,0.00012292
1508,0.93110011,0.000122395,0.000122485
1510,0.931344034,0.000121962,0.000122051
1512,0.931587095,0.00012153,0.000121619
1514,0.931829295,0.0001211,0.000121189
1516,0.932070638,0.000120671,0.00012076
1518,0.932311126,0.000120244,0.000120332
1520,0.932550763,0.000119818,0.000119906
1522,0.932789551,0.000119394,0.000119482
1524,0.933027494,0.000118972,0.000119059
1526,0.933264595,0.00011855,0.000118637
1528,0.933500857,0.000118131,0.000118217
1530,0.933736282,0.000117712,0.000117799
1532,0.933970873,0.000117296,0.000117382
1534,0.934204634,0.00011688,0.000116966
1536,0.934437567,0.000116467,0.000116552
1538,0.934669676,0.000116054,0.000116139
1540,0.934900963,0.000115644,0.000115728
1542,0.935131431,0.000115234,0.000115319
1544,0.935361084,0.000114826,0.00011491
1546,0.935589923,0.00011442,0.000114504
1548,0.935817952,0.000114015,0.000114098
1550,0.936045174,0.000113611,0.000113694
1552,0.936271591,0.000113209,0.000113292
1554,0.936497207,0.000112808,0.000112891
1556,0.936722024,0.000112409,0.000112491
1558,0.936946045,0.000112011,0.000112093
1560,0.937169273,0.000111614,0.000111696
1562,0.937391711,0.000111219,0.000111301
1564,0.937613361,0.000110825,0.000110907
1566,0.937834227,0.000110433,0.000110514
1568,0.93805431,0.000110042,0.000110123
1570,0.938273615,0.000109652,0.000109733
1572,0.938492143,0.000109264,0.000109345
1574,0.938709897,0.000108877,0.000108957
1576,0.938926881,0.000108492,0.000108572
1578,0.939143096,0.000108108,0.000108187
1580,0.939358546,0.000107725,0.000107804
1582,0.939573233,0.000107344,0.000107423
1584,0.939787161,0.000106964,0.000107042
1586,0.94000033,0.000106585,0.000106663
1588,0.940212745,0.000106208,0.000106286
1590,0.940424408,0.000105832,0.00010591
1592,0.940635322,0.000105457,0.000105535
1594,0.940845489,0.000105084,0.000105161
1596,0.941054912,0.000104711,0.000104789
1598,0.941263594,0.000104341,0.000104418
1600,0.941471536,0.000103971,0.000104048
1602,0.941678743,0.000103603,0.00010368
1604,0.941885216,0.000103237,0.000103313
1606,0.942090958,0.000102871,0.000102947
1608,0.942295972,0.000102507,0.000102583
1610,0.94250026,0.000102144,0.00010222
1612,0.942703824,0.000101782,0.000101858
1614,0.942906668,0.000101422,0.000101497
1616,0.943108794,0.000101063,0.000101138
1618,0.943310204,0.000100705,0.00010078
1620,0.943510901,0.000100349,0.000100423
1622,0.943710888,1.00E-04,0.000100068
1624,0.943910167,9.96E-05,9.97E-05
1626,0.94410874,9.93E-05,9.94E-05
1628,0.94430661,9.89E-05,9.90E-05
1630,0.94450378,9.86E-05,9.87E-05
1632,0.944700251,9.82E-05,9.83E-05
1634,0.944896027,9.79E-05,9.80E-05
1636,0.94509111,9.75E-05,9.76E-05
1638,0.945285503,9.72E-05,9.73E-05
1640,0.945479207,9.69E-05,9.69E-05
1642,0.945672225,9.65E-05,9.66E-05
1644,0.94586456,9.62E-05,9.62E-05
1646,0.946056214,9.58E-05,9.59E-05
1648,0.94624719,9.55E-05,9.56E-05
1650,0.946437489,9.51E-05,9.52E-05
1652,0.946627115,9.48E-05,9.49E-05
1654,0.94681607,9.45E-05,9.45E-05
1656,0.947004355,9.41E-05,9.42E-05
1658,0.947191974,9.38E-05,9.39E-05
1660,0.947378929,9.35E-05,9.35E-05
1662,0.947565222,9.31E-05,9.32E-05
1664,0.947750855,9.28E-05,9.29E-05
1666,0.947935831,9.25E-05,9.26E-05
1668,0.948120152,9.22E-05,9.22E-05
1670,0.948303821,9.18E-05,9.19E-05
1672,0.948486839,9.15E-05,9.16E-05
1674,0.94866921,9.12E-05,9.13E-05
1676,0.948850935,9.09E-05,9.09E-05
1678,0.949032016,9.05E-05,9.06E-05
1680,0.949212457,9.02E-05,9.03E-05
1682,0.949392258,8.99E-05,9.00E-05
1684,0.949571423,8.96E-05,8.96E-05
1686,0.949749954,8.93E-05,8.93E-05
1688,0.949927853,8.89E-05,8.90E-05
1690,0.950105122,8.86E-05,8.87E-05
1692,0.950281763,8.83E-05,8.84E-05
1694,0.950457779,8.80E-05,8.81E-05
1696,0.950633172,8.77E-05,8.78E-05
1698,0.950807944,8.74E-05,8.75E-05
1700,0.950982097,8.71E-05,8.71E-05
1702,0.951155634,8.68E-05,8.68E-05
1704,0.951328556,8.65E-05,8.65E-05
1706,0.951500866,8.62E-05,8.62E-05
1708,0.951672566,8.59E-05,8.59E-05
1710,0.951843658,8.55E-05,8.56E-05
1712,0.952014145,8.52E-05,8.53E-05
1714,0.952184028,8.49E-05,8.50E-05
1716,0.952353309,8.46E-05,8.47E-05
1718,0.952521991,8.43E-05,8.44E-05
1720,0.952690076,8.40E-05,8.41E-05
1722,0.952857566,8.37E-05,8.38E-05
1724,0.953024463,8.34E-05,8.35E-05
1726,0.953190769,8.32E-05,8.32E-05
1728,0.953356487,8.29E-05,8.29E-05
1730,0.953521617,8.26E-05,8.26E-05
1732,0.953686163,8.23E-05,8.23E-05
1734,0.953850127,8.20E-05,8.20E-05
1736,0.95401351,8.17E-05,8.18E-05
1738,0.954176315,8.14E-05,8.15E-05
1740,0.954338543,8.11E-05,8.12E-05
1742,0.954500197,8.08E-05,8.09E-05
1744,0.954661278,8.05E-05,8.06E-05
1746,0.95482179,8.03E-05,8.03E-05
1748,0.954981733,8.00E-05,8.00E-05
1750,0.95514111,7.97E-05,7.97E-05
1752,0.955299922,7.94E-05,7.95E-05
1754,0.955458172,7.91E-05,7.92E-05
1756,0.955615863,7.88E-05,7.89E-05
1758,0.955772994,7.86E-05,7.86E-05
1760,0.95592957,7.83E-05,7.83E-05
1762,0.956085591,7.80E-05,7.81E-05
1764,0.95624106,7.77E-05,7.78E-05
1766,0.956395979,7.75E-05,7.75E-05
1768,0.956550349,7.72E-05,7.72E-05
1770,0.956704172,7.69E-05,7.70E-05
1772,0.956857451,7.66E-05,7.67E-05
1774,0.957010187,7.64E-05,7.64E-05
1776,0.957162383,7.61E-05,7.62E-05
1778,0.95731404,7.58E-05,7.59E-05
1780,0.95746516,7.56E-05,7.56E-05
1782,0.957615744,7.53E-05,7.53E-05
1784,0.957765796,7.50E-05,7.51E-05
1786,0.957915317,7.48E-05,7.48E-05
1788,0.958064308,7.45E-05,7.46E-05
1790,0.958212771,7.42E-05,7.43E-05
1792,0.95836071,7.40E-05,7.40E-05
1794,0.958508124,7.37E-05,7.38E-05
1796,0.958655016,7.34E-05,7.35E-05
1798,0.958801389,7.32E-05,7.32E-05
1800,0.958947243,7.29E-05,7.30E-05
1802,0.959092581,7.27E-05,7.27E-05
1804,0.959237404,7.24E-05,7.25E-05
1806,0.959381715,7.22E-05,7.22E-05
1808,0.959525514,7.19E-05,7.20E-05
1810,0.959668805,7.16E-05,7.17E-05
1812,0.959811588,7.14E-05,7.14E-05
1814,0.959953866,7.11E-05,7.12E-05
1816,0.96009564,7.09E-05,7.09E-05
1818,0.960236913,7.06E-05,7.07E-05
1820,0.960377685,7.04E-05,7.04E-05
1822,0.960517958,7.01E-05,7.02E-05
1824,0.960657736,6.99E-05,6.99E-05
1826,0.960797018,6.96E-05,6.97E-05
1828,0.960935807,6.94E-05,6.94E-05
1830,0.961074105,6.91E-05,6.92E-05
1832,0.961211913,6.89E-05,6.90E-05
1834,0.961349233,6.87E-05,6.87E-05
1836,0.961486067,6.84E-05,6.85E-05
1838,0.961622417,6.82E-05,6.82E-05
1840,0.961758284,6.79E-05,6.80E-05
1842,0.96189367,6.77E-05,6.77E-05
1844,0.962028577,6.75E-05,6.75E-05
1846,0.962163006,6.72E-05,6.73E-05
1848,0.962296959,6.70E-05,6.70E-05
1850,0.962430438,6.67E-05,6.68E-05
1852,0.962563445,6.65E-05,6.66E-05
1854,0.96269598,6.63E-05,6.63E-05
1856,0.962828046,6.60E-05,6.61E-05
1858,0.962959645,6.58E-05,6.58E-05
1860,0.963090778,6.56E-05,6.56E-05
1862,0.963221447,6.53E-05,6.54E-05
1864,0.963351653,6.51E-05,6.52E-05
1866,0.963481398,6.49E-05,6.49E-05
1868,0.963610683,6.46E-05,6.47E-05
1870,0.963739512,6.44E-05,6.45E-05
1872,0.963867883,6.42E-05,6.42E-05
1874,0.963995801,6.40E-05,6.40E-05
1876,0.964123266,6.37E-05,6.38E-05
1878,0.964250279,6.35E-05,6.36E-05
1880,0.964376843,6.33E-05,6.33E-05
1882,0.964502958,6.31E-05,6.31E-05
1884,0.964628627,6.28E-05,6.29E-05
1886,0.964753851,6.26E-05,6.27E-05
1888,0.964878632,6.24E-05,6.24E-05
1890,0.965002972,6.22E-05,6.22E-05
1892,0.96512687,6.19E-05,6.20E-05
1894,0.965250331,6.17E-05,6.18E-05
1896,0.965373354,6.15E-05,6.16E-05
1898,0.965495942,6.13E-05,6.13E-05
1900,0.965618095,6.11E-05,6.11E-05
1902,0.965739817,6.09E-05,6.09E-05
1904,0.965861107,6.06E-05,6.07E-05
1906,0.965981968,6.04E-05,6.05E-05
1908,0.966102401,6.02E-05,6.03E-05
1910,0.966222408,6.00E-05,6.00E-05
1912,0.966341989,5.98E-05,5.98E-05
1914,0.966461148,5.96E-05,5.96E-05
1916,0.966579884,5.94E-05,5.94E-05
1918,0.966698201,5.92E-05,5.92E-05
1920,0.966816098,5.89E-05,5.90E-05
1922,0.966933578,5.87E-05,5.88E-05
1924,0.967050642,5.85E-05,5.86E-05
1926,0.967167292,5.83E-05,5.84E-05
1928,0.967283528,5.81E-05,5.82E-05
1930,0.967399354,5.79E-05,5.80E-05
1932,0.967514769,5.77E-05,5.78E-05
1934,0.967629775,5.75E-05,5.75E-05
1936,0.967744375,5.73E-05,5.73E-05
1938,0.967858568,5.71E-05,5.71E-05
1940,0.967972358,5.69E-05,5.69E-05
1942,0.968085744,5.67E-05,5.67E-05
1944,0.968198729,5.65E-05,5.65E-05
1946,0.968311314,5.63E-05,5.63E-05
1948,0.968423501,5.61E-05,5.61E-05
1950,0.96853529,5.59E-05,5.59E-05
1952,0.968646684,5.57E-05,5.57E-05
1954,0.968757683,5.55E-05,5.55E-05
1956,0.968868289,5.53E-05,5.53E-05
1958,0.968978504,5.51E-05,5.51E-05
1960,0.969088328,5.49E-05,5.50E-05
1962,0.969197764,5.47E-05,5.48E-05
1964,0.969306812,5.45E-05,5.46E-05
1966,0.969415474,5.43E-05,5.44E-05
1968,0.969523752,5.41E-05,5.42E-05
1970,0.969631646,5.39E-05,5.40E-05
1972,0.969739158,5.38E-05,5.38E-05
1974,0.96984629,5.36E-05,5.36E-05
1976,0.969953042,5.34E-05,5.34E-05
1978,0.970059416,5.32E-05,5.32E-05
1980,0.970165414,5.30E-05,5.30E-05
1982,0.970271037,5.28E-05,5.29E-05
1984,0.970376285,5.26E-05,5.27E-05
1986,0.970481161,5.24E-05,5.25E-05
1988,0.970585666,5.23E-05,5.23E-05
1990,0.970689801,5.21E-05,5.21E-05
1992,0.970793567,5.19E-05,5.19E-05
1994,0.970896965,5.17E-05,5.17E-05
1996,0.970999998,5.15E-05,5.16E-05
1998,0.971102666,5.13E-05,5.14E-05
2000,0.97120497,5.12E-05,5.12E-05
2002,0.971306912,5.10E-05,5.10E-05
2004,0.971408494,5.08E-05,5.08E-05
2006,0.971509715,5.06E-05,5.07E-05
2008,0.971610579,5.04E-05,5.05E-05
2010,0.971711085,5.03E-05,5.03E-05
2012,0.971811235,5.01E-05,5.01E-05
2014,0.971911031,4.99E-05,4.99E-05
2016,0.972010474,4.97E-05,4.98E-05
2018,0.972109564,4.95E-05,4.96E-05
2020,0.972208304,4.94E-05,4.94E-05
2022,0.972306694,4.92E-05,4.92E-05
2024,0.972404736,4.90E-05,4.91E-05
2026,0.97250243,4.88E-05,4.89E-05
2028,0.972599779,4.87E-05,4.87E-05
2030,0.972696783,4.85E-05,4.85E-05
2032,0.972793444,4.83E-05,4.84E-05
2034,0.972889763,4.82E-05,4.82E-05
2036,0.97298574,4.80E-05,4.80E-05
2038,0.973081378,4.78E-05,4.79E-05
2040,0.973176677,4.76E-05,4.77E-05
2042,0.973271639,4.75E-05,4.75E-05
2044,0.973366265,4.73E-05,4.73E-05
2046,0.973460555,4.71E-05,4.72E-05
2048,0.973554512,4.70E-05,4.70E-05
2050,0.973648136,4.68E-05,4.68E-05
2052,0.973741429,4.66E-05,4.67E-05
2054,0.973834392,4.65E-05,4.65E-05
2056,0.973927025,4.63E-05,4.64E-05
2058,0.97401933,4.62E-05,4.62E-05
2060,0.974111309,4.60E-05,4.60E-05
2062,0.974202962,4.58E-05,4.59E-05
2064,0.97429429,4.57E-05,4.57E-05
2066,0.974385295,4.55E-05,4.55E-05
2068,0.974475978,4.53E-05,4.54E-05
2070,0.97456634,4.52E-05,4.52E-05
2072,0.974656382,4.50E-05,4.51E-05
2074,0.974746106,4.49E-05,4.49E-05
2076,0.974835511,4.47E-05,4.47E-05
2078,0.9749246,4.45E-05,4.46E-05
2080,0.975013374,4.44E-05,4.44E-05
2082,0.975101833,4.42E-05,4.43E-05
2084,0.97518998,4.41E-05,4.41E-05
2086,0.975277814,4.39E-05,4.40E-05
2088,0.975365337,4.38E-05,4.38E-05
2090,0.97545255,4.36E-05,4.36E-05
2092,0.975539455,4.35E-05,4.35E-05
2094,0.975626052,4.33E-05,4.33E-05
2096,0.975712342,4.31E-05,4.32E-05
2098,0.975798327,4.30E-05,4.30E-05
2100,0.975884008,4.28E-05,4.29E-05
2102,0.975969385,4.27E-05,4.27E-05
2104,0.97605446,4.25E-05,4.26E-05
2106,0.976139233,4.24E-05,4.24E-05
2108,0.976223707,4.22E-05,4.23E-05
2110,0.976307882,4.21E-05,4.21E-05
2112,0.976391758,4.19E-05,4.20E-05
2114,0.976475338,4.18E-05,4.18E-05
2116,0.976558621,4.16E-05,4.17E-05
2118,0.97664161,4.15E-05,4.15E-05
2120,0.976724305,4.13E-05,4.14E-05
2122,0.976806707,4.12E-05,4.12E-05
2124,0.976888818,4.11E-05,4.11E-05
2126,0.976970638,4.09E-05,4.09E-05
2128,0.977052168,4.08E-05,4.08E-05
2130,0.977133409,4.06E-05,4.07E-05
2132,0.977214363,4.05E-05,4.05E-05
2134,0.977295031,4.03E-05,4.04E-05
2136,0.977375412,4.02E-05,4.02E-05
2138,0.97745551,4.00E-05,4.01E-05
2140,0.977535323,3.99E-05,3.99E-05
2142,0.977614854,3.98E-05,3.98E-05
2144,0.977694104,3.96E-05,3.97E-05
2146,0.977773073,3.95E-05,3.95E-05
2148,0.977851762,3.93E-05,3.94E-05
2150,0.977930173,3.92E-05,3.92E-05
2152,0.978008306,3.91E-05,3.91E-05
2154,0.978086162,3.89E-05,3.90E-05
2156,0.978163743,3.88E-05,3.88E-05
2158,0.978241049,3.87E-05,3.87E-05
2160,0.978318082,3.85E-05,3.85E-05
2162,0.978394842,3.84E-05,3.84E-05
2164,0.97847133,3.82E-05,3.83E-05
2166,0.978547547,3.81E-05,3.81E-05
2168,0.978623495,3.80E-05,3.80E-05
2170,0.978699173,3.78E-05,3.79E-05
2172,0.978774584,3.77E-05,3.77E-05
2174,0.978849728,3.76E-05,3.76E-05
2176,0.978924605,3.74E-05,3.75E-05
2178,0.978999218,3.73E-05,3.73E-05
2180,0.979073567,3.72E-05,3.72E-05
2182,0.979147652,3.70E-05,3.71E-05
2184,0.979221475,3.69E-05,3.69E-05
2186,0.979295036,3.68E-05,3.68E-05
2188,0.979368337,3.67E-05,3.67E-05
2190,0.979441379,3.65E-05,3.65E-05
2192,0.979514162,3.64E-05,3.64E-05
2194,0.979586688,3.63E-05,3.63E-05
2196,0.979658956,3.61E-05,3.62E-05
2198,0.979730969,3.60E-05,3.60E-05
2200,0.979802727,3.59E-05,3.59E-05
2202,0.979874231,3.58E-05,3.58E-05
2204,0.979945481,3.56E-05,3.57E-05
2206,0.98001648,3.55E-05,3.55E-05
2208,0.980087227,3.54E-05,3.54E-05
2210,0.980157723,3.52E-05,3.53E-05
2212,0.98022797,3.51E-05,3.52E-05
2214,0.980297969,3.50E-05,3.50E-05
2216,0.980367719,3.49E-05,3.49E-05
2218,0.980437223,3.48E-05,3.48E-05
2220,0.98050648,3.46E-05,3.47E-05
2222,0.980575493,3.45E-05,3.45E-05
2224,0.980644261,3.44E-05,3.44E-05
2226,0.980712785,3.43E-05,3.43E-05
2228,0.980781067,3.41E-05,3.42E-05
2230,0.980849107,3.40E-05,3.40E-05
2232,0.980916907,3.39E-05,3.39E-05
2234,0.980984466,3.38E-05,3.38E-05
2236,0.981051786,3.37E-05,3.37E-05
2238,0.981118868,3.35E-05,3.36E-05
2240,0.981185712,3.34E-05,3.34E-05
2242,0.98125232,3.33E-05,3.33E-05
2244,0.981318692,3.32E-05,3.32E-05
2246,0.981384829,3.31E-05,3.31E-05
2248,0.981450732,3.30E-05,3.30E-05
2250,0.981516401,3.28E-05,3.29E-05
2252,0.981581838,3.27E-05,3.27E-05
2254,0.981647043,3.26E-05,3.26E-05
2256,0.981712018,3.25E-05,3.25E-05
2258,0.981776762,3.24E-05,3.24E-05
2260,0.981841277,3.23E-05,3.23E-05
2262,0.981905564,3.21E-05,3.22E-05
2264,0.981969623,3.20E-05,3.21E-05
2266,0.982033456,3.19E-05,3.19E-05
2268,0.982097062,3.18E-05,3.18E-05
2270,0.982160443,3.17E-05,3.17E-05
2272,0.9822236,3.16E-05,3.16E-05
2274,0.982286533,3.15E-05,3.15E-05
2276,0.982349244,3.14E-05,3.14E-05
2278,0.982411732,3.12E-05,3.13E-05
2280,0.982474,3.11E-05,3.12E-05
2282,0.982536046,3.10E-05,3.10E-05
2284,0.982597873,3.09E-05,3.09E-05
2286,0.982659482,3.08E-05,3.08E-05
2288,0.982720872,3.07E-05,3.07E-05
2290,0.982782045,3.06E-05,3.06E-05
2292,0.982843001,3.05E-05,3.05E-05
2294,0.982903741,3.04E-05,3.04E-05
2296,0.982964267,3.03E-05,3.03E-05
2298,0.983024578,3.02E-05,3.02E-05
2300,0.983084675,3.00E-05,3.01E-05
2302,0.98314456,2.99E-05,3.00E-05
2304,0.983204233,2.98E-05,2.99E-05
2306,0.983263694,2.97E-05,2.98E-05
2308,0.983322945,2.96E-05,2.96E-05
2310,0.983381987,2.95E-05,2.95E-05
2312,0.983440819,2.94E-05,2.94E-05
2314,0.983499443,2.93E-05,2.93E-05
2316,0.983557859,2.92E-05,2.92E-05
2318,0.983616069,2.91E-05,2.91E-05
2320,0.983674073,2.90E-05,2.90E-05
2322,0.983731871,2.89E-05,2.89E-05
2324,0.983789464,2.88E-05,2.88E-05
2326,0.983846854,2.87E-05,2.87E-05
2328,0.983904041,2.86E-05,2.86E-05
2330,0.983961025,2.85E-05,2.85E-05
2332,0.984017807,2.84E-05,2.84E-05
2334,0.984074388,2.83E-05,2.83E-05
2336,0.984130769,2.82E-05,2.82E-05
2338,0.984186951,2.81E-05,2.81E-05
2340,0.984242933,2.80E-05,2.80E-05
2342,0.984298717,2.79E-05,2.79E-05
2344,0.984354304,2.78E-05,2.78E-05
2346,0.984409694,2.77E-05,2.77E-05
2348,0.984464888,2.76E-05,2.76E-05
2350,0.984519886,2.75E-05,2.75E-05
2352,0.98457469,2.74E-05,2.74E-05
2354,0.9846293,2.73E-05,2.73E-05
2356,0.984683716,2.72E-05,2.72E-05
2358,0.98473794,2.71E-05,2.71E-05
2360,0.984791972,2.70E-05,2.70E-05
2362,0.984845813,2.69E-05,2.69E-05
2364,0.984899463,2.68E-05,2.68E-05
2366,0.984952923,2.67E-05,2.68E-05
2368,0.985006193,2.66E-05,2.67E-05
2370,0.985059275,2.65E-05,2.66E-05
2372,0.98511217,2.64E-05,2.65E-05
2374,0.985164877,2.64E-05,2.64E-05
2376,0.985217397,2.63E-05,2.63E-05
2378,0.985269731,2.62E-05,2.62E-05
2380,0.98532188,2.61E-05,2.61E-05
2382,0.985373845,2.60E-05,2.60E-05
2384,0.985425625,2.59E-05,2.59E-05
2386,0.985477223,2.58E-05,2.58E-05
2388,0.985528637,2.57E-05,2.57E-05
2390,0.98557987,2.56E-05,2.56E-05
2392,0.985630921,2.55E-05,2.55E-05
2394,0.985681791,2.54E-05,2.55E-05
2396,0.985732482,2.53E-05,2.54E-05
2398,0.985782993,2.53E-05,2.53E-05
2400,0.985833325,2.52E-05,2.52E-05
2402,0.985883478,2.51E-05,2.51E-05
2404,0.985933455,2.50E-05,2.50E-05
2406,0.985983254,2.49E-05,2.49E-05
2408,0.986032877,2.48E-05,2.48E-05
2410,0.986082325,2.47E-05,2.47E-05
2412,0.986131597,2.46E-05,2.47E-05
2414,0.986180695,2.45E-05,2.46E-05
2416,0.986229619,2.45E-05,2.45E-05
2418,0.98627837,2.44E-05,2.44E-05
2420,0.986326948,2.43E-05,2.43E-05
2422,0.986375354,2.42E-05,2.42E-05
2424,0.986423589,2.41E-05,2.41E-05
2426,0.986471653,2.40E-05,2.41E-05
2428,0.986519547,2.39E-05,2.40E-05
2430,0.986567272,2.39E-05,2.39E-05
2432,0.986614827,2.38E-05,2.38E-05
2434,0.986662215,2.37E-05,2.37E-05
2436,0.986709434,2.36E-05,2.36E-05
2438,0.986756486,2.35E-05,2.35E-05
2440,0.986803372,2.34E-05,2.35E-05
2442,0.986850091,2.34E-05,2.34E-05
2444,0.986896646,2.33E-05,2.33E-05
2446,0.986943035,2.32E-05,2.32E-05
2448,0.98698926,2.31E-05,2.31E-05
2450,0.987035322,2.30E-05,2.30E-05
2452,0.98708122,2.29E-05,2.30E-05
2454,0.987126956,2.29E-05,2.29E-05
2456,0.98717253,2.28E-05,2.28E-05
2458,0.987217943,2.27E-05,2.27E-05
2460,0.987263195,2.26E-05,2.26E-05
2462,0.987308287,2.25E-05,2.26E-05
2464,0.987353219,2.25E-05,2.25E-05
2466,0.987397992,2.24E-05,2.24E-05
2468,0.987442606,2.23E-05,2.23E-05
2470,0.987487063,2.22E-05,2.22E-05
2472,0.987531362,2.21E-05,2.22E-05
2474,0.987575504,2.21E-05,2.21E-05
2476,0.98761949,2.20E-05,2.20E-05
2478,0.987663321,2.19E-05,2.19E-05
2480,0.987706996,2.18E-05,2.19E-05
2482,0.987750517,2.18E-05,2.18E-05
2484,0.987793883,2.17E-05,2.17E-05
2486,0.987837096,2.16E-05,2.16E-05
2488,0.987880156,2.15E-05,2.15E-05
2490,0.987923063,2.15E-05,2.15E-05
2492,0.987965819,2.14E-05,2.14E-05
2494,0.988008423,2.13E-05,2.13E-05
2496,0.988050877,2.12E-05,2.12E-05
2498,0.98809318,2.12E-05,2.12E-05
2500,0.988135333,2.11E-05,2.11E-05
2502,0.988177337,2.10E-05,2.10E-05
2504,0.988219193,2.09E-05,2.09E-05
2506,0.9882609,2.09E-05,2.09E-05
2508,0.98830246,2.08E-05,2.08E-05
2510,0.988343872,2.07E-05,2.07E-05
2512,0.988385138,2.06E-05,2.06E-05
2514,0.988426258,2.06E-05,2.06E-05
2516,0.988467232,2.05E-05,2.05E-05
2518,0.988508061,2.04E-05,2.04E-05
2520,0.988548746,2.03E-05,2.04E-05
2522,0.988589286,2.03E-05,2.03E-05
2524,0.988629683,2.02E-05,2.02E-05
2526,0.988669937,2.01E-05,2.01E-05
2528,0.988710049,2.01E-05,2.01E-05
2530,0.988750018,2.00E-05,2.00E-05
2532,0.988789846,1.99E-05,1.99E-05
2534,0.988829533,1.98E-05,1.99E-05
2536,0.988869079,1.98E-05,1.98E-05
2538,0.988908486,1.97E-05,1.97E-05
2540,0.988947753,1.96E-05,1.96E-05
2542,0.988986881,1.96E-05,1.96E-05
2544,0.98902587,1.95E-05,1.95E-05
2546,0.989064722,1.94E-05,1.94E-05
2548,0.989103436,1.94E-05,1.94E-05
2550,0.989142012,1.93E-05,1.93E-05
2552,0.989180453,1.92E-05,1.92E-05
2554,0.989218757,1.92E-05,1.92E-05
2556,0.989256925,1.91E-05,1.91E-05
2558,0.989294959,1.90E-05,1.90E-05
2560,0.989332857,1.89E-05,1.90E-05
2562,0.989370622,1.89E-05,1.89E-05
2564,0.989408253,1.88E-05,1.88E-05
2566,0.98944575,1.87E-05,1.88E-05
2568,0.989483115,1.87E-05,1.87E-05
2570,0.989520348,1.86E-05,1.86E-05
2572,0.989557449,1.86E-05,1.86E-05
2574,0.989594418,1.85E-05,1.85E-05
2576,0.989631257,1.84E-05,1.84E-05
2578,0.989667965,1.84E-05,1.84E-05
2580,0.989704543,1.83E-05,1.83E-05
2582,0.989740992,1.82E-05,1.82E-05
2584,0.989777311,1.82E-05,1.82E-05
2586,0.989813503,1.81E-05,1.81E-05
2588,0.989849565,1.80E-05,1.80E-05
2590,0.989885501,1.80E-05,1.80E-05
2592,0.989921309,1.79E-05,1.79E-05
2594,0.98995699,1.78E-05,1.79E-05
2596,0.989992545,1.78E-05,1.78E-05
2598,0.990027974,1.77E-05,1.77E-05
2600,0.990063278,1.77E-05,1.77E-05
2602,0.990098457,1.76E-05,1.76E-05
2604,0.990133511,1.75E-05,1.75E-05
2606,0.990168441,1.75E-05,1.75E-05
2608,0.990203247,1.74E-05,1.74E-05
2610,0.99023793,1.73E-05,1.74E-05
2612,0.990272491,1.73E-05,1.73E-05
2614,0.990306929,1.72E-05,1.72E-05
2616,0.990341245,1.72E-05,1.72E-05
2618,0.990375439,1.71E-05,1.71E-05
2620,0.990409513,1.70E-05,1.71E-05
2622,0.990443466,1.70E-05,1.70E-05
2624,0.990477298,1.69E-05,1.69E-05
2626,0.990511011,1.69E-05,1.69E-05
2628,0.990544605,1.68E-05,1.68E-05
2630,0.99057808,1.67E-05,1.68E-05
2632,0.990611436,1.67E-05,1.67E-05
2634,0.990644674,1.66E-05,1.66E-05
2636,0.990677794,1.66E-05,1.66E-05
2638,0.990710797,1.65E-05,1.65E-05
2640,0.990743684,1.64E-05,1.65E-05
2642,0.990776454,1.64E-05,1.64E-05
2644,0.990809107,1.63E-05,1.63E-05
2646,0.990841646,1.63E-05,1.63E-05
2648,0.990874069,1.62E-05,1.62E-05
2650,0.990906377,1.62E-05,1.62E-05
2652,0.990938571,1.61E-05,1.61E-05
2654,0.990970651,1.60E-05,1.61E-05
2656,0.991002617,1.60E-05,1.60E-05
2658,0.99103447,1.59E-05,1.59E-05
2660,0.991066211,1.59E-05,1.59E-05
2662,0.991097839,1.58E-05,1.58E-05
2664,0.991129355,1.58E-05,1.58E-05
2666,0.991160759,1.57E-05,1.57E-05
2668,0.991192053,1.56E-05,1.57E-05
2670,0.991223235,1.56E-05,1.56E-05
2672,0.991254307,1.55E-05,1.55E-05
2674,0.991285269,1.55E-05,1.55E-05
2676,0.991316122,1.54E-05,1.54E-05
2678,0.991346865,1.54E-05,1.54E-05
2680,0.991377499,1.53E-05,1.53E-05
2682,0.991408025,1.53E-05,1.53E-05
2684,0.991438443,1.52E-05,1.52E-05
2686,0.991468754,1.52E-05,1.52E-05
2688,0.991498957,1.51E-05,1.51E-05
2690,0.991529053,1.50E-05,1.51E-05
2692,0.991559042,1.50E-05,1.50E-05
2694,0.991588925,1.49E-05,1.50E-05
2696,0.991618703,1.49E-05,1.49E-05
2698,0.991648375,1.48E-05,1.48E-05
2700,0.991677942,1.48E-05,1.48E-05
2702,0.991707404,1.47E-05,1.47E-05
2704,0.991736762,1.47E-05,1.47E-05
2706,0.991766016,1.46E-05,1.46E-05
2708,0.991795167,1.46E-05,1.46E-05
2710,0.991824214,1.45E-05,1.45E-05
2712,0.991853159,1.45E-05,1.45E-05
2714,0.991882001,1.44E-05,1.44E-05
2716,0.991910741,1.44E-05,1.44E-05
2718,0.991939379,1.43E-05,1.43E-05
2720,0.991967915,1.43E-05,1.43E-05
2722,0.991996351,1.42E-05,1.42E-05
2724,0.992024686,1.42E-05,1.42E-05
2726,0.992052921,1.41E-05,1.41E-05
2728,0.992081056,1.41E-05,1.41E-05
2730,0.992109091,1.40E-05,1.40E-05
2732,0.992137027,1.40E-05,1.40E-05
2734,0.992164864,1.39E-05,1.39E-05
2736,0.992192603,1.39E-05,1.39E-05
2738,0.992220243,1.38E-05,1.38E-05
2740,0.992247785,1.38E-05,1.38E-05
2742,0.99227523,1.37E-05,1.37E-05
2744,0.992302578,1.37E-05,1.37E-05
2746,0.992329829,1.36E-05,1.36E-05
2748,0.992356983,1.36E-05,1.36E-05
2750,0.992384042,1.35E-05,1.35E-05
2752,0.992411004,1.35E-05,1.35E-05
2754,0.992437871,1.34E-05,1.34E-05
2756,0.992464643,1.34E-05,1.34E-05
2758,0.992491321,1.33E-05,1.33E-05
2760,0.992517903,1.33E-05,1.33E-05
2762,0.992544392,1.32E-05,1.33E-05
2764,0.992570787,1.32E-05,1.32E-05
2766,0.992597088,1.32E-05,1.32E-05
2768,0.992623297,1.31E-05,1.31E-05
2770,0.992649412,1.31E-05,1.31E-05
2772,0.992675435,1.30E-05,1.30E-05
2774,0.992701366,1.30E-05,1.30E-05
2776,0.992727205,1.29E-05,1.29E-05
2778,0.992752953,1.29E-05,1.29E-05
2780,0.992778609,1.28E-05,1.28E-05
2782,0.992804175,1.28E-05,1.28E-05
2784,0.99282965,1.27E-05,1.27E-05
2786,0.992855035,1.27E-05,1.27E-05
2788,0.99288033,1.26E-05,1.27E-05
2790,0.992905536,1.26E-05,1.26E-05
2792,0.992930652,1.26E-05,1.26E-05
2794,0.99295568,1.25E-05,1.25E-05
2796,0.992980618,1.25E-05,1.25E-05
2798,0.993005469,1.24E-05,1.24E-05
2800,0.993030232,1.24E-05,1.24E-05
2802,0.993054906,1.23E-05,1.23E-05
2804,0.993079494,1.23E-05,1.23E-05
2806,0.993103994,1.23E-05,1.23E-05
2808,0.993128408,1.22E-05,1.22E-05
2810,0.993152735,1.22E-05,1.22E-05
2812,0.993176977,1.21E-05,1.21E-05
2814,0.993201132,1.21E-05,1.21E-05
2816,0.993225202,1.20E-05,1.20E-05
2818,0.993249186,1.20E-05,1.20E-05
2820,0.993273086,1.19E-05,1.20E-05
2822,0.993296901,1.19E-05,1.19E-05
2824,0.993320632,1.19E-05,1.19E-05
2826,0.993344279,1.18E-05,1.18E-05
2828,0.993367842,1.18E-05,1.18E-05
2830,0.993391321,1.17E-05,1.17E-05
2832,0.993414718,1.17E-05,1.17E-05
2834,0.993438032,1.17E-05,1.17E-05
2836,0.993461263,1.16E-05,1.16E-05
2838,0.993484412,1.16E-05,1.16E-05
2840,0.993507479,1.15E-05,1.15E-05
2842,0.993530464,1.15E-05,1.15E-05
2844,0.993553368,1.15E-05,1.15E-05
2846,0.993576191,1.14E-05,1.14E-05
2848,0.993598933,1.14E-05,1.14E-05
2850,0.993621594,1.13E-05,1.13E-05
2852,0.993644175,1.13E-05,1.13E-05
2854,0.993666677,1.13E-05,1.13E-05
2856,0.993689098,1.12E-05,1.12E-05
2858,0.993711441,1.12E-05,1.12E-05
2860,0.993733704,1.11E-05,1.11E-05
2862,0.993755888,1.11E-05,1.11E-05
2864,0.993777994,1.11E-05,1.11E-05
2866,0.993800022,1.10E-05,1.10E-05
2868,0.993821971,1.10E-05,1.10E-05
2870,0.993843843,1.09E-05,1.09E-05
2872,0.993865638,1.09E-05,1.09E-05
2874,0.993887355,1.09E-05,1.09E-05
2876,0.993908995,1.08E-05,1.08E-05
2878,0.993930559,1.08E-05,1.08E-05
2880,0.993952047,1.07E-05,1.08E-05
2882,0.993973458,1.07E-05,1.07E-05
2884,0.993994794,1.07E-05,1.07E-05
2886,0.994016054,1.06E-05,1.06E-05
2888,0.994037238,1.06E-05,1.06E-05
2890,0.994058348,1.06E-05,1.06E-05
2892,0.994079383,1.05E-05,1.05E-05
2894,0.994100344,1.05E-05,1.05E-05
2896,0.99412123,1.04E-05,1.05E-05
2898,0.994142043,1.04E-05,1.04E-05
2900,0.994162781,1.04E-05,1.04E-05
2902,0.994183447,1.03E-05,1.03E-05
2904,0.994204039,1.03E-05,1.03E-05
2906,0.994224558,1.03E-05,1.03E-05
2908,0.994245005,1.02E-05,1.02E-05
2910,0.994265379,1.02E-05,1.02E-05
2912,0.994285681,1.02E-05,1.02E-05
2914,0.994305911,1.01E-05,1.01E-05
2916,0.99432607,1.01E-05,1.01E-05
2918,0.994346157,1.00E-05,1.01E-05
2920,0.994366173,1.00E-05,1.00E-05
2922,0.994386119,9.97E-06,9.98E-06
2924,0.994405993,9.94E-06,9.95E-06
2926,0.994425798,9.90E-06,9.91E-06
2928,0.994445532,9.87E-06,9.88E-06
2930,0.994465196,9.83E-06,9.84E-06
2932,0.994484791,9.80E-06,9.81E-06
2934,0.994504316,9.76E-06,9.77E-06
2936,0.994523772,9.73E-06,9.74E-06
2938,0.99454316,9.69E-06,9.70E-06
2940,0.994562478,9.66E-06,9.67E-06
2942,0.994581729,9.63E-06,9.63E-06
2944,0.994600911,9.59E-06,9.60E-06
2946,0.994620025,9.56E-06,9.57E-06
2948,0.994639072,9.52E-06,9.53E-06
2950,0.994658051,9.49E-06,9.50E-06
2952,0.994676963,9.46E-06,9.46E-06
2954,0.994695808,9.42E-06,9.43E-06
2956,0.994714586,9.39E-06,9.40E-06
2958,0.994733298,9.36E-06,9.36E-06
2960,0.994751943,9.32E-06,9.33E-06
2962,0.994770523,9.29E-06,9.30E-06
2964,0.994789037,9.26E-06,9.26E-06
2966,0.994807485,9.22E-06,9.23E-06
2968,0.994825868,9.19E-06,9.20E-06
2970,0.994844186,9.16E-06,9.17E-06
2972,0.994862439,9.13E-06,9.13E-06
2974,0.994880627,9.09E-06,9.10E-06
2976,0.994898751,9.06E-06,9.07E-06
2978,0.994916811,9.03E-06,9.04E-06
2980,0.994934807,9.00E-06,9.01E-06
2982,0.994952739,8.97E-06,8.97E-06
2984,0.994970607,8.93E-06,8.94E-06
2986,0.994988413,8.90E-06,8.91E-06
2988,0.995006155,8.87E-06,8.88E-06
2990,0.995023835,8.84E-06,8.85E-06
2992,0.995041452,8.81E-06,8.82E-06
2994,0.995059006,8.78E-06,8.78E-06
2996,0.995076499,8.75E-06,8.75E-06
2998,0.995093929,8.72E-06,8.72E-06
3000,0.995111298,8.68E-06,8.69E-06
3002,0.995128605,8.65E-06,8.66E-06
3004,0.995145851,8.62E-06,8.63E-06
3006,0.995163036,8.59E-06,8.60E-06
3008,0.995180161,8.56E-06,8.57E-06
3010,0.995197224,8.53E-06,8.54E-06
3012,0.995214227,8.50E-06,8.51E-06
3014,0.99523117,8.47E-06,8.48E-06
3016,0.995248053,8.44E-06,8.45E-06
3018,0.995264876,8.41E-06,8.42E-06
3020,0.99528164,8.38E-06,8.39E-06
3022,0.995298344,8.35E-06,8.36E-06
3024,0.995314989,8.32E-06,8.33E-06
3026,0.995331576,8.29E-06,8.30E-06
3028,0.995348103,8.26E-06,8.27E-06
3030,0.995364572,8.23E-06,8.24E-06
3032,0.995380983,8.21E-06,8.21E-06
3034,0.995397335,8.18E-06,8.18E-06
3036,0.99541363,8.15E-06,8.15E-06
3038,0.995429867,8.12E-06,8.13E-06
3040,0.995446046,8.09E-06,8.10E-06
3042,0.995462169,8.06E-06,8.07E-06
3044,0.995478234,8.03E-06,8.04E-06
3046,0.995494242,8.00E-06,8.01E-06
3048,0.995510194,7.98E-06,7.98E-06
3050,0.995526089,7.95E-06,7.95E-06
3052,0.995541928,7.92E-06,7.93E-06
3054,0.99555771,7.89E-06,7.90E-06
3056,0.995573437,7.86E-06,7.87E-06
3058,0.995589109,7.84E-06,7.84E-06
3060,0.995604724,7.81E-06,7.81E-06
3062,0.995620285,7.78E-06,7.79E-06
3064,0.99563579,7.75E-06,7.76E-06
3066,0.995651241,7.73E-06,7.73E-06
3068,0.995666636,7.70E-06,7.70E-06
3070,0.995681978,7.67E-06,7.68E-06
3072,0.995697265,7.64E-06,7.65E-06
3074,0.995712498,7.62E-06,7.62E-06
3076,0.995727676,7.59E-06,7.60E-06
3078,0.995742802,7.56E-06,7.57E-06
3080,0.995757873,7.54E-06,7.54E-06
3082,0.995772892,7.51E-06,7.52E-06
3084,0.995787857,7.48E-06,7.49E-06
3086,0.995802769,7.46E-06,7.46E-06
3088,0.995817628,7.43E-06,7.44E-06
3090,0.995832435,7.40E-06,7.41E-06
3092,0.995847189,7.38E-06,7.38E-06
3094,0.995861891,7.35E-06,7.36E-06
3096,0.995876541,7.33E-06,7.33E-06
3098,0.995891139,7.30E-06,7.31E-06
3100,0.995905686,7.27E-06,7.28E-06
3102,0.995920181,7.25E-06,7.25E-06
3104,0.995934625,7.22E-06,7.23E-06
3106,0.995949017,7.20E-06,7.20E-06
3108,0.995963359,7.17E-06,7.18E-06
3110,0.995977649,7.15E-06,7.15E-06
3112,0.99599189,7.12E-06,7.13E-06
3114,0.996006079,7.09E-06,7.10E-06
3116,0.996020219,7.07E-06,7.08E-06
3118,0.996034308,7.04E-06,7.05E-06
3120,0.996048348,7.02E-06,7.03E-06
3122,0.996062338,6.99E-06,7.00E-06
3124,0.996076278,6.97E-06,6.98E-06
3126,0.996090169,6.95E-06,6.95E-06
3128,0.996104011,6.92E-06,6.93E-06
3130,0.996117804,6.90E-06,6.90E-06
3132,0.996131548,6.87E-06,6.88E-06
3134,0.996145244,6.85E-06,6.85E-06
3136,0.99615889,6.82E-06,6.83E-06
3138,0.996172489,6.80E-06,6.81E-06
3140,0.996186039,6.78E-06,6.78E-06
3142,0.996199542,6.75E-06,6.76E-06
3144,0.996212997,6.73E-06,6.73E-06
3146,0.996226404,6.70E-06,6.71E-06
3148,0.996239763,6.68E-06,6.69E-06
3150,0.996253075,6.66E-06,6.66E-06
3152,0.99626634,6.63E-06,6.64E-06
3154,0.996279559,6.61E-06,6.61E-06
3156,0.99629273,6.59E-06,6.59E-06
3158,0.996305855,6.56E-06,6.57E-06
3160,0.996318933,6.54E-06,6.54E-06
3162,0.996331965,6.52E-06,6.52E-06
3164,0.996344951,6.49E-06,6.50E-06
3166,0.996357891,6.47E-06,6.48E-06
3168,0.996370785,6.45E-06,6.45E-06
3170,0.996383633,6.42E-06,6.43E-06
3172,0.996396436,6.40E-06,6.41E-06
3174,0.996409194,6.38E-06,6.38E-06
3176,0.996421906,6.36E-06,6.36E-06
3178,0.996434574,6.33E-06,6.34E-06
3180,0.996447196,6.31E-06,6.32E-06
3182,0.996459774,6.29E-06,6.29E-06
3184,0.996472307,6.27E-06,6.27E-06
3186,0.996484796,6.24E-06,6.25E-06
3188,0.996497241,6.22E-06,6.23E-06
3190,0.996509642,6.20E-06,6.21E-06
3192,0.996521999,6.18E-06,6.18E-06
3194,0.996534312,6.16E-06,6.16E-06
3196,0.996546581,6.13E-06,6.14E-06
3198,0.996558807,6.11E-06,6.12E-06
3200,0.99657099,6.09E-06,6.10E-06
3202,0.99658313,6.07E-06,6.07E-06
3204,0.996595226,6.05E-06,6.05E-06
3206,0.99660728,6.03E-06,6.03E-06
3208,0.996619291,6.01E-06,6.01E-06
3210,0.99663126,5.98E-06,5.99E-06
3212,0.996643186,5.96E-06,5.97E-06
3214,0.99665507,5.94E-06,5.95E-06
3216,0.996666912,5.92E-06,5.93E-06
3218,0.996678712,5.90E-06,5.91E-06
3220,0.99669047,5.88E-06,5.88E-06
3222,0.996702187,5.86E-06,5.86E-06
3224,0.996713862,5.84E-06,5.84E-06
3226,0.996725496,5.82E-06,5.82E-06
3228,0.996737089,5.80E-06,5.80E-06
3230,0.99674864,5.78E-06,5.78E-06
3232,0.996760151,5.76E-06,5.76E-06
3234,0.996771621,5.73E-06,5.74E-06
3236,0.99678305,5.71E-06,5.72E-06
3238,0.996794439,5.69E-06,5.70E-06
3240,0.996805788,5.67E-06,5.68E-06
3242,0.996817096,5.65E-06,5.66E-06
3244,0.996828364,5.63E-06,5.64E-06
3246,0.996839593,5.61E-06,5.62E-06
3248,0.996850781,5.59E-06,5.60E-06
3250,0.99686193,5.57E-06,5.58E-06
3252,0.99687304,5.55E-06,5.56E-06
3254,0.99688411,5.54E-06,5.54E-06
3256,0.996895141,5.52E-06,5.52E-06
3258,0.996906134,5.50E-06,5.50E-06
3260,0.996917087,5.48E-06,5.48E-06
3262,0.996928001,5.46E-06,5.46E-06
3264,0.996938877,5.44E-06,5.44E-06
3266,0.996949714,5.42E-06,5.42E-06
3268,0.996960513,5.40E-06,5.40E-06
3270,0.996971273,5.38E-06,5.38E-06
3272,0.996981996,5.36E-06,5.37E-06
3274,0.99699268,5.34E-06,5.35E-06
3276,0.997003327,5.32E-06,5.33E-06
3278,0.997013936,5.30E-06,5.31E-06
3280,0.997024508,5.29E-06,5.29E-06
3282,0.997035042,5.27E-06,5.27E-06
3284,0.997045538,5.25E-06,5.25E-06
3286,0.997055998,5.23E-06,5.23E-06
3288,0.997066421,5.21E-06,5.22E-06
3290,0.997076806,5.19E-06,5.20E-06
3292,0.997087155,5.17E-06,5.18E-06
3294,0.997097467,5.16E-06,5.16E-06
3296,0.997107743,5.14E-06,5.14E-06
3298,0.997117983,5.12E-06,5.12E-06
3300,0.997128186,5.10E-06,5.11E-06
3302,0.997138353,5.08E-06,5.09E-06
3304,0.997148484,5.07E-06,5.07E-06
3306,0.997158579,5.05E-06,5.05E-06
3308,0.997168638,5.03E-06,5.03E-06
3310,0.997178662,5.01E-06,5.02E-06
3312,0.99718865,4.99E-06,5.00E-06
3314,0.997198603,4.98E-06,4.98E-06
3316,0.997208521,4.96E-06,4.96E-06
3318,0.997218404,4.94E-06,4.95E-06
3320,0.997228251,4.92E-06,4.93E-06
3322,0.997238064,4.91E-06,4.91E-06
3324,0.997247842,4.89E-06,4.89E-06
3326,0.997257585,4.87E-06,4.88E-06
3328,0.997267294,4.85E-06,4.86E-06
3330,0.997276969,4.84E-06,4.84E-06
3332,0.997286609,4.82E-06,4.82E-06
3334,0.997296215,4.80E-06,4.81E-06
3336,0.997305787,4.79E-06,4.79E-06
3338,0.997315325,4.77E-06,4.77E-06
3340,0.99732483,4.75E-06,4.76E-06
3342,0.997334301,4.74E-06,4.74E-06
3344,0.997343738,4.72E-06,4.72E-06
3346,0.997353142,4.70E-06,4.71E-06
3348,0.997362512,4.69E-06,4.69E-06
3350,0.99737185,4.67E-06,4.67E-06
3352,0.997381154,4.65E-06,4.66E-06
3354,0.997390426,4.64E-06,4.64E-06
3356,0.997399664,4.62E-06,4.62E-06
3358,0.99740887,4.60E-06,4.61E-06
3360,0.997418043,4.59E-06,4.59E-06
3362,0.997427184,4.57E-06,4.57E-06
3364,0.997436293,4.55E-06,4.56E-06
3366,0.997445369,4.54E-06,4.54E-06
3368,0.997454413,4.52E-06,4.53E-06
3370,0.997463425,4.51E-06,4.51E-06
3372,0.997472405,4.49E-06,4.49E-06
3374,0.997481354,4.47E-06,4.48E-06
3376,0.99749027,4.46E-06,4.46E-06
3378,0.997499155,4.44E-06,4.45E-06
3380,0.997508009,4.43E-06,4.43E-06
3382,0.997516831,4.41E-06,4.41E-06
3384,0.997525623,4.40E-06,4.40E-06
3386,0.997534383,4.38E-06,4.38E-06
3388,0.997543111,4.36E-06,4.37E-06
3390,0.99755181,4.35E-06,4.35E-06
3392,0.997560477,4.33E-06,4.34E-06
3394,0.997569113,4.32E-06,4.32E-06
3396,0.997577719,4.30E-06,4.31E-06
3398,0.997586295,4.29E-06,4.29E-06
3400,0.99759484,4.27E-06,4.28E-06
3402,0.997603355,4.26E-06,4.26E-06
3404,0.99761184,4.24E-06,4.25E-06
3406,0.997620294,4.23E-06,4.23E-06
3408,0.997628719,4.21E-06,4.22E-06
3410,0.997637114,4.20E-06,4.20E-06
3412,0.997645479,4.18E-06,4.19E-06
3414,0.997653815,4.17E-06,4.17E-06
3416,0.997662121,4.15E-06,4.16E-06
3418,0.997670398,4.14E-06,4.14E-06
3420,0.997678645,4.12E-06,4.13E-06
3422,0.997686864,4.11E-06,4.11E-06
3424,0.997695053,4.09E-06,4.10E-06
3426,0.997703213,4.08E-06,4.08E-06
3428,0.997711344,4.07E-06,4.07E-06
3430,0.997719447,4.05E-06,4.05E-06
3432,0.99772752,4.04E-06,4.04E-06
3434,0.997735566,4.02E-06,4.03E-06
3436,0.997743582,4.01E-06,4.01E-06
3438,0.997751571,3.99E-06,4.00E-06
3440,0.997759531,3.98E-06,3.98E-06
3442,0.997767463,3.97E-06,3.97E-06
3444,0.997775366,3.95E-06,3.96E-06
3446,0.997783242,3.94E-06,3.94E-06
3448,0.99779109,3.92E-06,3.93E-06
3450,0.99779891,3.91E-06,3.91E-06
3452,0.997806703,3.90E-06,3.90E-06
3454,0.997814467,3.88E-06,3.89E-06
3456,0.997822205,3.87E-06,3.87E-06
3458,0.997829915,3.85E-06,3.86E-06
3460,0.997837598,3.84E-06,3.84E-06
3462,0.997845253,3.83E-06,3.83E-06
3464,0.997852881,3.81E-06,3.82E-06
3466,0.997860483,3.80E-06,3.80E-06
3468,0.997868057,3.79E-06,3.79E-06
3470,0.997875605,3.77E-06,3.78E-06
3472,0.997883126,3.76E-06,3.76E-06
3474,0.99789062,3.75E-06,3.75E-06
3476,0.997898088,3.73E-06,3.74E-06
3478,0.997905529,3.72E-06,3.72E-06
3480,0.997912944,3.71E-06,3.71E-06
3482,0.997920333,3.69E-06,3.70E-06
3484,0.997927696,3.68E-06,3.68E-06
3486,0.997935032,3.67E-06,3.67E-06
3488,0.997942343,3.66E-06,3.66E-06
3490,0.997949627,3.64E-06,3.65E-06
3492,0.997956886,3.63E-06,3.63E-06
3494,0.997964119,3.62E-06,3.62E-06
3496,0.997971327,3.60E-06,3.61E-06
3498,0.997978509,3.59E-06,3.59E-06
3500,0.997985666,3.58E-06,3.58E-06
3502,0.997992797,3.57E-06,3.57E-06
3504,0.997999903,3.55E-06,3.56E-06
3506,0.998006984,3.54E-06,3.54E-06
3508,0.99801404,3.53E-06,3.53E-06
3510,0.99802107,3.52E-06,3.52E-06
3512,0.998028076,3.50E-06,3.51E-06
3514,0.998035058,3.49E-06,3.49E-06
3516,0.998042014,3.48E-06,3.48E-06
3518,0.998048946,3.47E-06,3.47E-06
3520,0.998055853,3.45E-06,3.46E-06
3522,0.998062736,3.44E-06,3.44E-06
3524,0.998069594,3.43E-06,3.43E-06
3526,0.998076428,3.42E-06,3.42E-06
3528,0.998083238,3.40E-06,3.41E-06
3530,0.998090024,3.39E-06,3.40E-06
3532,0.998096786,3.38E-06,3.38E-06
3534,0.998103524,3.37E-06,3.37E-06
3536,0.998110238,3.36E-06,3.36E-06
3538,0.998116928,3.35E-06,3.35E-06
3540,0.998123595,3.33E-06,3.34E-06
3542,0.998130238,3.32E-06,3.32E-06
3544,0.998136857,3.31E-06,3.31E-06
3546,0.998143453,3.30E-06,3.30E-06
3548,0.998150026,3.29E-06,3.29E-06
3550,0.998156575,3.27E-06,3.28E-06
3552,0.998163102,3.26E-06,3.27E-06
3554,0.998169605,3.25E-06,3.25E-06
3556,0.998176085,3.24E-06,3.24E-06
3558,0.998182542,3.23E-06,3.23E-06
3560,0.998188976,3.22E-06,3.22E-06
3562,0.998195388,3.21E-06,3.21E-06
3564,0.998201777,3.19E-06,3.20E-06
3566,0.998208143,3.18E-06,3.19E-06
3568,0.998214487,3.17E-06,3.17E-06
3570,0.998220808,3.16E-06,3.16E-06
3572,0.998227107,3.15E-06,3.15E-06
3574,0.998233383,3.14E-06,3.14E-06
3576,0.998239637,3.13E-06,3.13E-06
3578,0.99824587,3.12E-06,3.12E-06
3580,0.99825208,3.11E-06,3.11E-06
3582,0.998258268,3.09E-06,3.10E-06
3584,0.998264434,3.08E-06,3.09E-06
3586,0.998270578,3.07E-06,3.07E-06
3588,0.998276701,3.06E-06,3.06E-06
3590,0.998282802,3.05E-06,3.05E-06
3592,0.998288881,3.04E-06,3.04E-06
3594,0.998294939,3.03E-06,3.03E-06
3596,0.998300975,3.02E-06,3.02E-06
3598,0.99830699,3.01E-06,3.01E-06
3600,0.998312984,3.00E-06,3.00E-06